{
    "overall": {
      "total_problems": 387,
      "total_solutions": 27043,
      "tones": [
        "reciprocity",
        "polite",
        "inspirational",
        "pressure",
        "neutral",
        "ingratiating",
        "insults"
      ]
    },
    "research_questions": {
      "RQ1": {
        "metrics": [
          "pass@1",
          "pass@5",
          "pass@10"
        ],
        "data": {
          "ingratiating": {
            "pass@1": 0.3281653746770026,
            "pass@5": 0.37467700258397935,
            "pass@10": 0.40310077519379844,
            "overall_pass_rate": 0.3209302325581395,
            "problem_count": 387,
            "avg_solutions_per_problem": 9.948320413436692,
            "total_solutions": 3850
          },
          "inspirational": {
            "pass@1": 0.32558139534883723,
            "pass@5": 0.38242894056847543,
            "pass@10": 0.3979328165374677,
            "overall_pass_rate": 0.32506459948320415,
            "problem_count": 387,
            "avg_solutions_per_problem": 9.997416020671835,
            "total_solutions": 3869
          },
          "insults": {
            "pass@1": 0.3281653746770026,
            "pass@5": 0.3695090439276486,
            "pass@10": 0.39018087855297157,
            "overall_pass_rate": 0.324031007751938,
            "problem_count": 387,
            "avg_solutions_per_problem": 10.0,
            "total_solutions": 3870
          },
          "neutral": {...},
          "polite": {...},
          "pressure": {...},
          "reciprocity": {...},
        }
      },
      "RQ2": {
        "metrics": [
          "comment_line_count",
          "docstring_count",
          "comment_char_count",
          "docstring_char_count",
          "total_comment_char_count",
          "comment_to_code_char_ratio",
          "avg_identifier_length",
          "pylint_conventions",
          "char_count"
        ],
        "data": {
          "ingratiating": {
            "comment_line_count": {
              "mean": 2.5425974025974027,
              "median": 0.0,
              "stddev": 3.3095873087620835,
              "count": 3850
            },
            "docstring_count": {
              "mean": 0.43012987012987014,
              "median": 0.0,
              "stddev": 0.9458864647650669,
              "count": 3850
            },
            "comment_char_count": {
              "mean": 117.45558441558441,
              "median": 0.0,
              "stddev": 165.68824700273382,
              "count": 3850
            },
            "docstring_char_count": {
              "mean": 43.57090909090909,
              "median": 0.0,
              "stddev": 98.64357417680692,
              "count": 3850
            },
            "total_comment_char_count": {
              "mean": 161.0264935064935,
              "median": 88.5,
              "stddev": 212.68493262517103,
              "count": 3850
            },
            "comment_to_code_char_ratio": {
              "mean": 0.32081535332300837,
              "median": 0.14348466082317074,
              "stddev": 0.41435751882414745,
              "count": 3850
            },
            "avg_identifier_length": {
              "mean": 7.971495848658836,
              "median": 7.8,
              "stddev": 3.4140201904630127,
              "count": 3850
            },
            "pylint_conventions": {
              "mean": 7.434850455136541,
              "median": 7.0,
              "stddev": 3.984325755646772,
              "count": 3845
            },
            "char_count": {
              "mean": 776.74,
              "median": 716.5,
              "stddev": 432.04763923911986,
              "count": 3850
            },
            "solution_count": 3850,
            "problem_count": 387
          },
          "inspirational": {...},
          "insults": {...},
          "neutral": {...},
          "polite": {...},
          "pressure": {...},
          "reciprocity": {...}
        }
      },
      "RQ3": {
        "metrics": [
          "avg_cyclomatic_complexity",
          "max_cyclomatic_complexity",
          "total_cyclomatic_complexity",
          "logical_loc",
          "source_loc",
          "raw_loc",
          "pylint_score",
          "pylint_errors",
          "pylint_warnings",
          "pylint_issue_count"
        ],
        "data": {
          "ingratiating": {
            "avg_cyclomatic_complexity": {
              "mean": 4.215652948782819,
              "median": 3.75,
              "stddev": 3.297827332641166,
              "count": 3850
            },
            "max_cyclomatic_complexity": {
              "mean": 5.1135064935064936,
              "median": 4.0,
              "stddev": 4.343146880757684,
              "count": 3850
            },
            "total_cyclomatic_complexity": {
              "mean": 6.573766233766234,
              "median": 5.0,
              "stddev": 5.3785161576977085,
              "count": 3850
            },
            "logical_loc": {
              "mean": 18.466579973992197,
              "median": 16.0,
              "stddev": 9.702507205806917,
              "count": 3845
            },
            "source_loc": {
              "mean": 17.780234070221066,
              "median": 16.0,
              "stddev": 9.383954936324335,
              "count": 3845
            },
            "raw_loc": {
              "mean": 26.004161248374512,
              "median": 24.0,
              "stddev": 12.801330874937252,
              "count": 3845
            },
            "pylint_score": {
              "mean": 4.415721716514954,
              "median": 4.8,
              "stddev": 2.489320536442043,
              "count": 3845
            },
            "pylint_errors": {
              "mean": 0.008322496749024707,
              "median": 0.0,
              "stddev": 0.12255271339665316,
              "count": 3845
            },
            "pylint_warnings": {
              "mean": 0.5906371911573473,
              "median": 0.0,
              "stddev": 1.1443276087239362,
              "count": 3845
            },
            "pylint_issue_count": {
              "mean": 8.635630689206762,
              "median": 8.0,
              "stddev": 4.439339045883122,
              "count": 3845
            },
            "solution_count": 3850,
            "problem_count": 387
          },
          "inspirational": {...},
          "insults": {...},
          "neutral": {...},
          "polite": {...},
          "pressure": {...},
          "reciprocity": {...}
        }
      }
    },
    "per_question": {
      "3228": {
        "tones": {
          "ingratiating": {
            "comment_line_count": {
              "mean": 6.0,
              "count": 10
            },
            "docstring_count": {
              "mean": 0.0,
              "count": 10
            },
            "comment_char_count": {
              "mean": 316.3,
              "count": 10
            },
            "docstring_char_count": {
              "mean": 0.0,
              "count": 10
            },
            "total_comment_char_count": {
              "mean": 316.3,
              "count": 10
            },
            "comment_to_code_char_ratio": {
              "mean": 0.6074079605471256,
              "count": 10
            },
            "avg_identifier_length": {
              "mean": 9.192499999999999,
              "count": 10
            },
            "pylint_conventions": {
              "mean": 7.7,
              "count": 10
            },
            "char_count": {
              "mean": 891.2,
              "count": 10
            },
            "avg_cyclomatic_complexity": {
              "mean": 3.7,
              "count": 10
            },
            "max_cyclomatic_complexity": {
              "mean": 3.7,
              "count": 10
            },
            "total_cyclomatic_complexity": {
              "mean": 3.7,